Filename,Size,Unit
Proof/theromanticsproof.jpg,101.81,K
Sample/twiz-therom-sample.vob,3.23,M
twiz-therom-dvdr.jpg,4.92,K
twiz-therom-dvdr.nfo,8.84,K
twiz-therom-dvdr.r00,47.68,M
twiz-therom-dvdr.r01,47.68,M
twiz-therom-dvdr.r02,47.68,M
twiz-therom-dvdr.r03,47.68,M
twiz-therom-dvdr.r04,47.68,M
twiz-therom-dvdr.r05,47.68,M
twiz-therom-dvdr.r06,47.68,M
twiz-therom-dvdr.r07,47.68,M
twiz-therom-dvdr.r08,47.68,M
twiz-therom-dvdr.r09,47.68,M
twiz-therom-dvdr.r10,47.68,M
twiz-therom-dvdr.r11,47.68,M
twiz-therom-dvdr.r12,47.68,M
twiz-therom-dvdr.r13,47.68,M
twiz-therom-dvdr.r14,47.68,M
twiz-therom-dvdr.r15,47.68,M
twiz-therom-dvdr.r16,47.68,M
twiz-therom-dvdr.r17,47.68,M
twiz-therom-dvdr.r18,47.68,M
twiz-therom-dvdr.r19,47.68,M
twiz-therom-dvdr.r20,47.68,M
twiz-therom-dvdr.r21,47.68,M
twiz-therom-dvdr.r22,47.68,M
twiz-therom-dvdr.r23,47.68,M
twiz-therom-dvdr.r24,47.68,M
twiz-therom-dvdr.r25,47.68,M
twiz-therom-dvdr.r26,47.68,M
twiz-therom-dvdr.r27,47.68,M
twiz-therom-dvdr.r28,47.68,M
twiz-therom-dvdr.r29,47.68,M
twiz-therom-dvdr.r30,47.68,M
twiz-therom-dvdr.r31,47.68,M
twiz-therom-dvdr.r32,47.68,M
twiz-therom-dvdr.r33,47.68,M
twiz-therom-dvdr.r34,47.68,M
twiz-therom-dvdr.r35,47.68,M
twiz-therom-dvdr.r36,47.68,M
twiz-therom-dvdr.r37,47.68,M
twiz-therom-dvdr.r38,47.68,M
twiz-therom-dvdr.r39,47.68,M
twiz-therom-dvdr.r40,47.68,M
twiz-therom-dvdr.r41,47.68,M
twiz-therom-dvdr.r42,47.68,M
twiz-therom-dvdr.r43,47.68,M
twiz-therom-dvdr.r44,47.68,M
twiz-therom-dvdr.r45,47.68,M
twiz-therom-dvdr.r46,47.68,M
twiz-therom-dvdr.r47,47.68,M
twiz-therom-dvdr.r48,47.68,M
twiz-therom-dvdr.r49,47.68,M
twiz-therom-dvdr.r50,47.68,M
twiz-therom-dvdr.r51,47.68,M
twiz-therom-dvdr.r52,47.68,M
twiz-therom-dvdr.r53,47.68,M
twiz-therom-dvdr.r54,47.68,M
twiz-therom-dvdr.r55,47.68,M
twiz-therom-dvdr.r56,47.68,M
twiz-therom-dvdr.r57,47.68,M
twiz-therom-dvdr.r58,47.68,M
twiz-therom-dvdr.r59,47.68,M
twiz-therom-dvdr.r60,47.68,M
twiz-therom-dvdr.r61,47.68,M
twiz-therom-dvdr.r62,47.68,M
twiz-therom-dvdr.r63,47.68,M
twiz-therom-dvdr.r64,47.68,M
twiz-therom-dvdr.r65,47.68,M
twiz-therom-dvdr.r66,47.68,M
twiz-therom-dvdr.r67,47.68,M
twiz-therom-dvdr.r68,47.68,M
twiz-therom-dvdr.r69,47.68,M
twiz-therom-dvdr.r70,47.68,M
twiz-therom-dvdr.r71,47.68,M
twiz-therom-dvdr.r72,47.68,M
twiz-therom-dvdr.r73,47.68,M
twiz-therom-dvdr.r74,47.68,M
twiz-therom-dvdr.r75,47.68,M
twiz-therom-dvdr.r76,47.68,M
twiz-therom-dvdr.r77,47.68,M
twiz-therom-dvdr.r78,47.68,M
twiz-therom-dvdr.r79,47.68,M
twiz-therom-dvdr.r80,47.68,M
twiz-therom-dvdr.r81,47.68,M
twiz-therom-dvdr.r82,47.68,M
twiz-therom-dvdr.r83,47.68,M
twiz-therom-dvdr.r84,47.68,M
twiz-therom-dvdr.r85,47.68,M
twiz-therom-dvdr.r86,47.68,M
twiz-therom-dvdr.r87,47.68,M
twiz-therom-dvdr.r88,47.68,M
twiz-therom-dvdr.r89,47.68,M
twiz-therom-dvdr.r90,47.68,M
twiz-therom-dvdr.r91,47.68,M
twiz-therom-dvdr.r92,47.68,M
twiz-therom-dvdr.r93,32.76,M
twiz-therom-dvdr.rar,47.68,M
twiz-therom-dvdr.sfv,2.88,K
